City,Population,Violent crime,Murder and nonnegligent manslaughter,Rape1,Robbery,Aggravated assault,Property crime,Burglary,Larceny-theft,Motor vehicle theft,Arson2
Abington,"16,448",23,4,5,3,11,153,23,122,8,1
Acton,"23,780",32,0,6,2,24,66,13,50,3,0
Acushnet,"10,533",12,0,5,0,7,35,14,19,2,0
Adams,"8,028",26,0,10,2,14,94,34,59,1,2
Agawam,"28,736",82,0,13,8,61,376,133,228,15,1
Amesbury,"17,595",25,0,3,3,19,132,18,107,7,0
Amherst,"39,603",99,0,28,2,69,173,55,103,15,2
Andover,"36,547",8,0,6,1,1,215,28,180,7,0
Aquinnah,328,2,0,0,0,2,0,0,0,0,0
Arlington,"45,614",34,0,5,8,21,167,16,139,12,3
Ashburnham,"6,330",8,0,2,0,6,28,7,18,3,0
Ashland,"17,742",21,0,4,1,16,77,9,60,8,0
Athol,"11,679",47,1,7,2,37,101,9,88,4,1
Attleboro,"44,959",123,0,27,14,82,522,69,427,26,1
Auburn,"16,724",28,0,0,1,27,305,29,263,13,3
Avon3,"4,504",10,0,1,2,7,111,9,98,4,
Ayer,"8,192",14,0,1,1,12,57,14,40,3,0
Barnstable,"44,032",178,2,22,14,140,425,61,350,14,7
Barre,"5,573",16,0,1,1,14,18,1,10,7,0
Becket3,"1,724",3,0,0,0,3,4,1,3,0,0
Bedford,"14,193",7,0,0,1,6,40,2,37,1,0
Belchertown,"15,195",16,0,1,1,14,55,12,38,5,0
Bellingham,"17,143",25,0,3,2,20,194,16,170,8,2
Belmont,"26,331",6,0,1,0,5,179,76,98,5,2
Berkley,"6,799",8,0,2,0,6,19,9,9,1,0
Berlin,"3,241",4,0,2,1,1,31,4,26,1,0
Bernardston,"2,113",5,0,3,0,2,12,3,9,0,0
Beverly,"42,317",47,0,4,2,41,206,19,177,10,1
Billerica,"43,882",22,0,2,2,18,169,21,135,13,0
Blackstone,"9,294",13,0,1,2,10,21,5,12,4,0
Bolton,"5,393",2,0,0,0,2,25,2,23,0,0
"Boston3,4","698,941","4,244",42,231,"1,039","2,932",,"1,703","10,590",,
Bourne,"19,734",54,0,13,2,39,213,43,157,13,0
Boxborough,"6,540",4,0,0,0,4,26,1,21,4,0
Boxford,"8,352",0,0,0,0,0,13,2,11,0,0
Boylston,"4,694",4,0,0,0,4,2,0,2,0,0
Braintree,"37,145",45,0,3,4,38,486,52,417,17,1
Brewster,"9,725",25,0,4,0,21,38,9,28,1,0
Bridgewater,"27,270",59,0,4,3,52,95,23,62,10,0
Brockton,"95,287",782,5,63,148,566,"1,853",248,"1,317",288,16
Brookfield,"3,440",6,0,2,1,3,26,4,20,2,0
Brookline,"58,928",57,1,2,14,40,503,44,453,6,0
Burlington,"29,082",45,0,12,3,30,451,15,424,12,0
Cambridge,"119,908",334,1,26,67,240,"1,983",161,"1,724",98,8
Canton,"23,706",85,0,0,5,80,157,18,132,7,1
Carlisle,"5,255",1,0,1,0,0,22,4,18,0,0
Carver,"11,721",26,0,6,3,17,68,13,49,6,0
Charlton,"13,679",8,0,2,0,6,55,16,36,3,1
Chatham,"6,117",8,0,2,1,5,59,12,47,0,0
Chelmsford,"35,218",34,0,4,1,29,397,17,364,16,2
Chelsea,"40,496",270,0,27,65,178,594,105,406,83,2
Cheshire,"3,133",1,0,0,0,1,1,0,0,1,0
Chicopee,"55,293",340,2,35,57,246,"1,320",245,971,104,4
Chilmark,920,3,0,0,0,3,6,0,6,0,0
Clinton,"13,964",4,1,0,0,3,14,1,11,2,0
Cohasset,"8,609",3,0,0,0,3,53,10,40,3,0
Concord,"19,253",17,0,4,1,12,89,6,82,1,1
Dalton,"6,546",6,0,1,0,5,22,8,12,2,1
Danvers,"27,664",39,0,2,4,33,357,26,315,16,3
Dartmouth,"34,035",77,0,4,16,57,502,40,444,18,1
Dedham,"25,203",7,0,5,1,1,327,8,297,22,0
Deerfield,"5,032",5,0,2,0,3,43,15,27,1,1
Dennis,"13,738",88,0,17,1,70,194,45,144,5,0
Douglas,"8,946",8,0,2,1,5,24,6,15,3,0
Dover,"6,118",1,0,0,0,1,13,3,10,0,0
Dracut,"31,786",30,0,2,4,24,141,24,107,10,1
Dudley,"11,754",32,0,7,2,23,52,9,38,5,1
Dunstable,"3,405",3,0,0,0,3,7,3,3,1,0
Duxbury,"15,934",9,0,2,0,7,57,9,47,1,1
East Bridgewater,"14,472",27,0,3,2,22,64,12,46,6,2
East Brookfield,"2,202",4,0,0,0,4,7,0,3,4,0
Eastham,"4,823",5,0,2,0,3,38,2,35,1,0
Easthampton,"15,979",37,0,7,2,28,156,25,122,9,0
East Longmeadow,"16,269",24,1,6,6,11,172,28,132,12,2
Easton,"25,079",43,0,9,3,31,145,24,110,11,2
Edgartown,"4,362",20,0,3,1,16,60,9,47,4,0
Erving,"1,771",0,0,0,0,0,15,5,9,1,0
Everett,"47,195",245,3,19,19,204,623,104,445,74,1
Fairhaven,"15,996",51,0,11,2,38,214,29,178,7,0
Fall River,"89,066",773,5,51,113,604,"1,074",412,499,163,21
Falmouth,"30,717",110,0,17,5,88,357,112,231,14,3
Fitchburg,"40,621",217,1,26,36,154,538,94,399,45,3
Foxborough,"17,631",35,0,5,4,26,158,18,122,18,1
Framingham,"73,127",297,1,20,29,247,800,158,609,33,2
Franklin,"33,149",2,0,0,1,1,41,5,31,5,0
Freetown,"9,388",15,0,5,2,8,51,16,28,7,1
Gardner,"20,628",70,0,13,8,49,309,60,228,21,2
Georgetown,"8,777",2,0,0,0,2,33,5,27,1,0
Gill,"1,490",0,0,0,0,0,10,1,9,0,0
Gloucester,"30,362",58,0,7,1,50,164,21,130,13,0
Goshen,"1,065",0,0,0,0,0,4,2,2,0,0
Grafton,"18,880",15,0,4,1,10,46,10,34,2,0
Granby,"6,360",9,0,1,0,8,21,3,15,3,0
Great Barrington,"6,822",11,0,2,1,8,28,5,23,0,2
Greenfield,"17,464",84,0,11,10,63,342,84,248,10,0
Groton,"11,388",8,1,5,0,2,23,4,19,0,0
Groveland,"6,846",2,1,0,0,1,9,1,6,2,0
Hadley,"5,358",26,0,7,0,19,170,6,157,7,0
Halifax,"7,874",8,0,1,0,7,51,9,37,5,1
Hamilton,"8,075",1,0,0,0,1,26,4,19,3,0
Hampden,"5,199",1,0,0,0,1,20,6,13,1,0
Hanover,"14,485",3,0,0,0,3,121,4,116,1,0
Hanson,"10,876",17,0,1,2,14,47,9,37,1,0
Hardwick,"3,039",14,0,2,0,12,15,4,11,0,0
Harvard,"6,569",5,0,3,0,2,26,6,20,0,0
Harwich,"12,028",22,0,2,1,19,103,26,72,5,1
Hatfield,"3,286",2,0,0,0,2,35,12,23,0,0
Haverhill,"63,935",335,1,15,15,304,838,179,570,89,7
Hingham,"23,960",30,0,6,0,24,183,45,134,4,0
Holbrook,"10,990",33,0,4,4,25,129,26,94,9,0
Holland,"2,484",2,0,2,0,0,9,1,5,3,0
Holliston,"14,996",13,0,0,1,12,41,8,31,2,0
Holyoke,"40,178",345,4,36,53,252,"1,494",213,"1,184",97,4
Hopedale,"5,929",12,0,1,1,10,13,2,11,0,0
Hopkinton,"18,585",0,0,0,0,0,30,1,28,1,0
Hull,"10,402",47,0,4,1,42,81,7,70,4,0
Ipswich,"14,095",19,0,8,2,9,46,6,33,7,0
Kingston,"13,758",21,0,4,3,14,108,8,96,4,1
Lakeville,"11,419",16,0,3,1,12,84,20,62,2,0
Lancaster,"8,136",5,0,0,0,5,43,7,32,4,0
Lawrence,"80,243",541,3,32,87,419,954,113,677,164,1
Lee,"5,686",10,0,3,0,7,65,5,58,2,0
Leicester,"11,368",23,0,2,1,20,232,9,222,1,1
Lenox,"4,951",7,0,2,0,5,71,11,59,1,0
Leominster,"41,631",239,0,31,20,188,599,64,495,40,2
Lexington,"33,824",17,1,2,0,14,77,5,72,0,0
Lincoln,"6,798",4,0,1,0,3,16,2,14,0,0
Littleton,"10,334",11,0,5,0,6,48,5,43,0,0
Longmeadow,"15,737",10,0,3,0,7,120,28,82,10,1
Lowell,"111,423",405,4,20,100,281,"1,652",292,"1,190",170,10
Ludlow,"21,395",63,0,5,4,54,199,37,142,20,1
Lunenburg,"11,781",23,0,4,4,15,128,13,115,0,0
Lynn,"94,449",465,8,33,103,321,"1,347",302,908,137,1
Lynnfield,"13,130",2,0,0,0,2,77,8,68,1,0
Malden,"60,746",162,1,9,26,126,719,103,521,95,0
Manchester-by-the-Sea,"5,423",2,0,0,0,2,24,4,19,1,0
Mansfield,"23,987",65,0,11,5,49,167,15,144,8,0
Marblehead,"20,574",22,0,7,0,15,114,10,99,5,0
Marion,"5,132",4,0,1,0,3,32,4,28,0,0
Marlborough,"39,673",149,0,17,15,117,530,70,435,25,1
Marshfield,"25,794",32,0,2,3,27,71,9,56,6,0
Mashpee,"14,094",39,0,6,0,33,133,17,104,12,0
Mattapoisett,"6,372",12,0,1,0,11,40,5,33,2,0
Maynard,"10,654",24,0,3,2,19,39,7,29,3,0
Medford,"57,484",116,0,7,17,92,526,51,442,33,1
Medway,"13,405",6,0,0,0,6,27,6,21,0,0
Melrose,"28,120",32,0,0,3,29,172,25,131,16,0
Mendon,"6,176",3,0,0,0,3,16,2,9,5,0
Merrimac,"7,001",2,0,0,0,2,15,5,9,1,0
Methuen,"50,727",95,1,1,11,82,552,58,446,48,0
Middleboro,"25,183",128,0,17,9,102,188,14,151,23,5
Middleton,"10,113",5,0,0,0,5,41,3,35,3,0
Milford,"29,015",48,0,11,4,33,171,38,120,13,2
Millbury,"13,837",24,0,2,1,21,139,13,115,11,1
Millville,"3,249",5,0,3,0,2,14,1,13,0,0
Milton,"27,471",11,0,2,5,4,61,13,40,8,0
Monson,"8,851",27,0,4,0,23,43,12,24,7,0
Montague,"8,298",49,0,4,4,41,84,18,64,2,0
Nahant,"3,511",12,0,1,0,11,12,2,9,1,0
Nantucket,"11,393",27,0,2,0,25,154,17,133,4,1
Natick,"36,358",37,0,7,4,26,383,22,350,11,2
Needham,"31,275",10,0,2,0,8,135,22,112,1,1
New Bedford,"94,613",628,3,66,176,383,"2,127",465,"1,513",149,5
New Braintree,"1,024",3,0,0,0,3,4,2,1,1,0
Newburyport,"18,158",23,0,5,0,18,126,13,111,2,0
Newton,"88,658",49,0,4,10,35,510,75,424,11,1
Norfolk,"11,992",1,0,0,0,1,23,3,20,0,0
North Adams,"12,800",72,0,13,9,50,400,88,301,11,0
Northampton,"28,735",119,1,25,9,84,448,53,375,20,8
North Andover,"31,428",17,0,4,3,10,163,14,139,10,0
North Attleboro,"29,202",24,3,6,0,15,420,21,394,5,2
Northborough,"15,075",3,0,0,0,3,88,12,76,0,1
Northbridge,"16,732",31,0,2,0,29,140,21,113,6,1
Northfield,"2,988",0,0,0,0,0,10,1,9,0,0
North Reading,"15,687",16,0,3,1,12,60,10,44,6,0
Norton,"19,894",23,0,3,0,20,13,7,5,1,1
Norwell,"11,105",11,0,0,0,11,51,8,38,5,0
Norwood,"29,185",47,0,9,8,30,215,33,173,9,2
Oak Bluffs,"4,681",26,0,1,1,24,64,11,49,4,0
Oakham,"1,955",0,0,0,0,0,4,0,3,1,0
Orange,"7,643",22,0,3,2,17,93,17,72,4,1
Orleans,"5,742",5,0,1,0,4,50,6,44,0,0
Oxford,"13,973",29,0,11,0,18,162,12,144,6,0
Palmer,"12,258",50,0,2,3,45,115,34,71,10,3
Paxton,"4,944",8,0,2,0,6,12,1,9,2,0
Peabody,"53,104",123,0,21,8,94,435,55,350,30,2
Pelham,"1,322",0,0,0,0,0,3,2,1,0,0
Pembroke,"18,378",13,0,2,3,8,80,12,60,8,1
Pepperell,"12,146",15,0,5,1,9,58,5,50,3,0
Pittsfield,"42,268",300,2,36,31,231,796,263,490,43,6
Plainville,"9,281",6,1,0,0,5,48,7,40,1,0
Plymouth,"60,870",199,0,38,11,150,594,73,490,31,5
Plympton,"2,980",4,0,0,1,3,15,5,9,1,0
Princeton,"3,459",1,0,0,0,1,13,3,10,0,0
Provincetown,"2,939",16,0,2,1,13,51,8,41,2,0
Quincy,"94,113",375,1,31,61,282,"1,146",216,875,55,2
Randolph,"34,385",82,1,6,10,65,409,69,307,33,1
Raynham,"14,322",28,0,4,4,20,210,12,183,15,0
Reading,"25,305",3,0,0,0,3,116,15,94,7,0
Rehoboth,"12,252",8,0,0,1,7,46,16,26,4,0
Revere,"53,654",173,2,11,38,122,653,68,524,61,1
Rockland,"17,879",53,0,8,4,41,59,16,39,4,3
Rockport,"7,280",7,0,2,1,4,16,4,11,1,0
Rowley,"6,372",6,0,1,0,5,26,4,21,1,0
Rutland,"8,888",35,0,10,1,24,22,5,15,2,0
Salem,"43,443",108,0,14,21,73,727,87,594,46,6
Salisbury,"9,575",17,0,5,0,12,74,25,44,5,1
Sandwich,"20,016",40,0,5,1,34,97,16,79,2,2
Saugus,"28,378",72,0,9,10,53,360,28,305,27,1
Scituate,"18,774",14,0,2,0,12,62,7,50,5,1
Seekonk,"15,841",27,0,1,3,23,244,27,206,11,1
Sharon,"18,973",9,0,4,0,5,47,10,33,4,1
Shirley,"7,633",19,0,1,0,18,42,10,28,4,0
Shrewsbury,"37,983",4,0,1,2,1,126,15,92,19,0
Somerset,"18,036",43,0,3,4,36,130,8,114,8,0
Somerville,"81,668",166,0,16,38,112,"1,025",140,796,89,4
Southampton,"6,247",9,0,1,0,8,37,12,23,2,0
Southborough,"10,140",3,0,0,0,3,29,14,12,3,0
Southbridge,"16,826",79,0,21,3,55,238,50,172,16,0
South Hadley,"17,816",27,0,4,0,23,156,28,120,8,3
Southwick,"9,772",10,0,3,0,7,65,21,39,5,0
Spencer,"11,911",11,0,4,0,7,65,16,40,9,0
Springfield,"154,306","1,397",20,81,358,938,"4,005",746,"2,766",493,31
Sterling,"8,175",4,0,3,0,1,16,2,13,1,0
Stockbridge,"1,898",1,0,0,0,1,24,4,19,1,0
Stoneham,"22,732",33,0,9,5,19,175,44,115,16,0
Stoughton,"28,961",58,1,9,7,41,286,33,231,22,1
Stow,"7,234",4,0,0,0,4,12,4,8,0,1
Sturbridge,"9,611",17,0,3,0,14,113,12,94,7,3
Sudbury,"19,727",15,0,6,1,8,67,6,58,3,0
Sunderland,"3,656",4,0,2,0,2,21,5,13,3,0
Sutton,"9,551",12,0,2,0,10,53,18,33,2,0
Swampscott,"15,296",8,0,1,1,6,113,12,100,1,0
Swansea,"16,681",34,0,5,1,28,118,17,97,4,0
Taunton,"57,028",217,2,15,17,183,345,86,238,21,3
Templeton,"8,109",13,0,2,0,11,22,6,12,4,0
Tewksbury,"31,424",81,0,23,7,51,345,19,308,18,1
Tisbury,"4,116",30,0,3,0,27,31,6,23,2,1
Topsfield,"6,644",5,0,1,0,4,10,2,7,1,0
Townsend,"9,546",10,0,2,0,8,32,4,21,7,0
Truro,"1,984",5,0,1,0,4,5,0,5,0,0
Tyngsboro,"12,456",19,0,4,3,12,47,5,31,11,0
Uxbridge,"14,066",20,0,3,2,15,74,18,48,8,1
Wakefield,"27,178",37,0,3,3,31,164,25,127,12,0
Wales,"1,894",2,0,1,0,1,5,3,2,0,1
Walpole,"25,150",49,0,11,1,37,257,25,220,12,0
Waltham,"62,737",102,0,13,7,82,512,70,420,22,5
Ware,"9,804",49,0,1,6,42,83,9,64,10,0
Wareham,"22,592",161,1,23,9,128,322,51,251,20,0
Watertown,"36,189",29,0,10,2,17,319,36,269,14,0
Wayland,"13,891",0,0,0,0,0,1,1,0,0,0
Webster,"16,925",122,0,16,3,103,208,39,158,11,0
Wellesley,"29,651",7,0,0,0,7,120,15,104,1,0
Wellfleet,"2,705",0,0,0,0,0,25,6,19,0,0
Wenham,"5,295",0,0,0,0,0,8,1,6,1,0
Westborough,"19,155",24,0,8,0,16,200,33,163,4,1
West Boylston,"8,216",11,0,0,2,9,47,13,27,7,0
West Bridgewater,"7,248",9,0,1,0,8,71,16,48,7,1
Westfield,"41,507",83,3,15,7,58,398,52,324,22,1
Westford,"24,403",10,0,0,1,9,54,5,45,4,0
Westminster,"7,902",20,0,1,0,19,43,5,36,2,0
Weston,"12,138",9,0,2,0,7,28,3,24,1,0
Westport,"15,920",21,0,4,0,17,111,27,74,10,1
West Springfield,"28,628",138,0,18,15,105,969,101,814,54,2
West Tisbury,"2,911",7,0,1,0,6,17,2,11,4,0
Westwood,"16,199",10,0,1,3,6,166,14,148,4,0
Weymouth,"57,776",170,0,21,9,140,462,44,386,32,0
Whately,"1,589",1,0,0,0,1,17,2,10,5,0
Whitman,"15,134",33,0,3,3,27,104,21,76,7,2
Wilbraham,"14,730",21,0,1,0,20,220,58,155,7,0
Williamsburg,"2,489",2,0,1,0,1,18,4,14,0,0
Williamstown,"8,021",6,0,4,0,2,71,3,66,2,0
Wilmington,"23,915",32,0,5,1,26,154,15,124,15,0
Winchendon,"10,897",37,0,9,0,28,100,30,57,13,1
Winchester,"22,850",7,0,0,0,7,88,10,74,4,1
Winthrop,"18,692",37,0,2,6,29,129,11,102,16,0
Woburn,"40,251",70,0,2,10,58,414,46,323,45,1
Worcester,"184,945","1,165",13,40,229,883,"3,792",786,"2,637",369,6
Worthington,"1,191",0,0,0,0,0,0,0,0,0,0
Wrentham,"11,989",4,0,2,0,2,178,18,153,7,0
Yarmouth,"23,076",96,0,19,3,74,229,38,186,5,0
Barrington,"16,090",4,0,2,1,1,89,14,74,1,0
Bristol,"22,070",16,0,7,0,9,103,6,94,3,1
Burrillville,"16,859",9,1,2,0,6,79,17,57,5,2
Central Falls,"19,423",82,1,11,13,57,289,44,192,53,2
Charlestown,"7,819",6,0,1,1,4,48,14,32,2,1
Coventry,"34,751",31,0,11,0,20,386,73,294,19,3
Cranston,"81,471",127,1,26,20,80,"1,110",113,912,85,13
Cumberland,"35,206",25,0,8,5,12,252,30,203,19,2
East Greenwich,"13,119",5,0,0,2,3,91,9,78,4,0
East Providence,"47,590",62,0,20,6,36,498,75,353,70,3
Foster,"4,730",3,0,1,0,2,27,9,18,0,0
Glocester,"10,281",4,0,0,0,4,26,5,17,4,1
Hopkinton,"8,110",4,0,3,0,1,39,7,31,1,0
Jamestown,"5,508",4,0,2,0,2,24,2,21,1,0
Johnston,"29,424",32,0,8,6,18,326,62,225,39,0
Lincoln,"21,891",25,0,6,8,11,380,33,325,22,0
Little Compton,"3,488",2,0,0,0,2,21,6,14,1,0
Middletown,"15,934",11,0,5,0,6,151,14,129,8,2
Narragansett,"15,411",14,0,6,1,7,103,13,84,6,2
Newport,"24,584",68,0,19,8,41,537,79,437,21,3
New Shoreham,"1,032",3,0,0,0,3,23,7,15,1,0
North Kingstown,"26,286",23,0,15,0,8,214,29,180,5,2
North Providence,"32,655",44,1,6,2,35,208,48,117,43,2
North Smithfield,"12,568",6,0,2,0,4,272,12,251,9,1
Pawtucket,"72,030",293,1,57,47,188,"1,640",315,"1,146",179,13
Portsmouth,"17,330",11,0,4,0,7,76,16,57,3,1
Providence,"179,762",892,13,106,241,532,"5,413",715,"4,224",474,5
Richmond,"7,701",3,0,0,0,3,37,4,30,3,0
Scituate,"10,707",6,0,4,0,2,38,2,34,2,1
Smithfield,"21,790",6,0,3,0,3,195,21,171,3,1
South Kingstown,"30,656",19,0,8,1,10,214,31,172,11,1
Tiverton,"15,745",11,0,5,2,4,180,21,148,11,1
Warren,"10,419",18,0,5,1,12,133,24,104,5,0
Warwick,"80,749",76,2,29,8,37,"1,239",108,"1,073",58,2
Westerly,"22,475",15,1,9,0,5,243,36,193,14,1
West Greenwich,"6,375",4,0,0,1,3,37,10,24,3,0
West Warwick,"28,847",54,0,14,2,38,238,58,161,19,2
Woonsocket,"41,709",237,2,34,40,161,865,197,580,88,15
Ansonia,"18,656",36,1,10,11,14,277,14,220,43,1
Avon,"18,320",4,0,0,1,3,209,15,182,12,0
Berlin,"20,500",19,0,2,5,12,251,40,196,15,1
Bethel,"19,855",6,2,1,1,2,125,13,108,4,0
Bloomfield,"21,406",27,1,5,5,16,500,21,431,48,0
Branford,"28,002",9,0,2,4,3,386,30,326,30,0
Bridgeport,"144,908",843,17,71,392,363,"2,465",555,"1,292",618,13
Bristol,"59,977",53,1,8,21,23,822,113,603,106,2
Brookfield,"17,071",4,0,1,1,2,143,6,134,3,0
Canton,"10,267",5,0,1,0,4,56,4,45,7,0
Cheshire,"29,167",13,1,4,2,6,207,14,172,21,0
Clinton,"12,914",12,0,5,3,4,232,21,207,4,0
Coventry,"12,411",12,0,6,1,5,132,16,103,13,0
Cromwell,"13,894",5,0,1,2,2,363,21,326,16,3
Danbury,"85,167",97,1,15,28,53,"1,045",132,827,86,4
Darien,"21,880",3,0,0,1,2,267,29,206,32,0
Derby,"12,468",24,0,4,11,9,240,39,179,22,2
East Hampton,"12,842",3,0,0,3,0,104,10,84,10,0
East Hartford,"49,842",76,1,18,31,26,775,109,525,141,8
East Haven,"28,635",36,0,7,11,18,572,58,454,60,0
East Lyme,"18,588",8,0,1,1,6,83,12,54,17,1
Easton,"7,519",0,0,0,0,0,42,13,21,8,0
East Windsor,"11,399",14,1,1,4,8,275,39,219,17,0
Enfield2,"44,443",49,1,12,6,30,606,59,497,50,2
Fairfield,"62,239",31,1,3,13,14,941,96,791,54,0
Farmington,"25,525",6,0,2,3,1,599,107,464,28,1
Glastonbury,"34,497",22,0,3,5,14,327,35,270,22,1
Granby,"11,386",0,0,0,0,0,64,3,58,3,0
Greenwich,"62,905",22,0,4,4,14,471,65,348,58,0
Groton,"8,967",16,0,4,0,12,99,26,70,3,2
Groton Long Point,509,0,0,0,0,0,3,1,2,0,0
Groton Town,"29,046",34,1,10,2,21,304,37,249,18,2
Guilford,"22,194",10,0,4,1,5,201,14,176,11,3
Hamden,"60,855",199,2,9,45,143,"1,328",109,"1,047",172,1
Hartford,"122,245","1,049",21,31,271,726,"3,424",427,"2,464",533,50
Ledyard,"14,698",6,0,4,0,2,73,15,53,5,1
Madison,"18,087",0,0,0,0,0,65,3,50,12,1
Manchester2,"57,630",100,1,16,46,37,"1,376",143,"1,135",98,1
Meriden,"59,378",157,3,19,38,97,"1,020",178,719,123,7
Middlebury,"7,750",2,0,0,0,2,64,9,47,8,0
Middletown,"45,963",38,0,5,10,23,613,62,474,77,0
Milford,"54,898",29,1,0,16,12,"1,028",95,853,80,1
Monroe,"19,466",3,0,2,1,0,84,12,66,6,1
Naugatuck,"31,214",30,0,10,9,11,441,48,372,21,3
New Britain2,"72,354",306,3,44,66,193,"1,195",188,826,181,7
New Canaan,"20,268",2,0,0,0,2,101,14,80,7,0
New Haven,"130,494","1,168",13,45,321,789,"4,958",659,"3,580",719,28
Newington,"30,060",24,0,2,14,8,646,65,530,51,0
New London,"26,856",79,0,19,32,28,461,90,329,42,4
New Milford,"26,835",15,0,9,0,6,181,2,173,6,1
Newtown,"27,795",6,0,0,1,5,57,11,45,1,1
North Branford,"14,127",8,0,4,3,1,99,10,79,10,0
North Haven,"23,642",11,0,0,5,6,361,57,268,36,1
Norwalk,"89,440",183,1,8,29,145,"1,247",133,989,125,4
Norwich,"38,964",149,0,26,22,101,533,112,368,53,5
Old Saybrook,"10,069",2,0,0,0,2,69,5,59,5,0
Orange,"13,948",4,0,0,3,1,370,25,326,19,0
Plainfield,"15,145",18,1,9,1,7,37,3,29,5,0
Plainville,"17,610",33,0,1,3,29,348,18,309,21,0
Plymouth,"11,573",2,0,0,1,1,110,10,84,16,0
Portland,"9,281",4,0,1,0,3,38,3,26,9,0
Putnam,"9,374",18,0,9,0,9,72,9,56,7,2
Redding,"9,120",2,0,1,1,0,35,9,26,0,0
Ridgefield,"25,050",1,0,0,0,1,72,12,53,7,0
Rocky Hill,"20,199",12,1,7,2,2,212,21,166,25,0
Seymour,"16,505",9,0,2,4,3,104,20,73,11,2
Shelton,"41,287",22,0,8,7,7,304,61,219,24,1
Simsbury,"25,169",3,0,1,2,0,146,5,121,20,0
Southington,"43,886",26,0,2,6,18,542,87,407,48,1
South Windsor,"26,097",13,0,5,4,4,332,50,255,27,2
Stamford,"130,678",264,5,27,87,145,"1,803",196,"1,446",161,1
Stonington,"18,439",15,2,3,0,10,159,31,126,2,0
Stratford,"52,034",71,1,13,25,32,859,97,654,108,4
Suffield,"15,740",5,0,2,1,2,62,13,39,10,0
Thomaston,"7,521",4,0,1,1,2,58,6,46,6,0
Torrington,"33,972",36,0,12,5,19,372,53,289,30,2
Trumbull,"35,772",45,0,7,15,23,778,53,692,33,1
Vernon,"29,318",16,0,5,3,8,307,50,211,46,0
Wallingford,"44,457",17,0,6,1,10,291,35,237,19,1
Waterbury,"107,812",325,5,53,124,143,"3,263",450,"2,272",541,12
Waterford,"18,812",8,0,4,1,3,189,10,174,5,0
Watertown,"21,534",13,3,3,2,5,284,26,221,37,0
West Hartford,"62,875",36,0,1,30,5,"1,406",130,"1,192",84,1
West Haven,"54,794",85,1,21,29,34,"1,091",96,828,167,3
Weston,"10,254",0,0,0,0,0,15,1,14,0,0
Westport,"28,332",4,0,0,2,2,193,20,152,21,0
Wethersfield,"26,009",23,0,4,8,11,351,39,272,40,1
Willimantic,"17,660",22,0,7,6,9,119,18,85,16,1
Wilton,"18,439",4,0,0,0,4,109,13,89,7,0
Winchester,"10,585",7,0,3,3,1,85,24,56,5,0
Windsor,"28,717",12,0,3,2,7,605,43,502,60,1
Windsor Locks,"12,924",8,1,1,6,0,140,16,98,26,0
Wolcott,"16,642",7,0,3,4,0,195,30,139,26,0
Woodbridge,"8,782",6,1,3,1,1,89,13,66,10,0
Adams Village,"1,735",0,0,0,0,0,0,0,0,0,0
Addison Town and Village,"2,471",3,0,0,0,3,5,0,5,0,0
Afton Village,796,0,0,0,0,0,0,0,0,0,0
Akron Village,"2,851",1,0,0,0,1,5,1,4,0,0
Albany,"97,221",736,4,60,189,483,"2,919",445,"2,315",159,16
Albion Village,"5,802",17,0,2,1,14,147,27,115,5,2
Alfred Village,"3,988",1,0,0,0,1,23,5,18,0,0
Allegany Village,"1,707",1,0,0,0,1,9,0,8,1,0
Amherst Town,"120,864",141,2,11,42,86,"1,840",157,"1,640",43,5
Amityville Village,"9,430",3,1,0,0,2,68,12,52,4,0
Amsterdam,"17,773",40,1,3,7,29,220,49,158,13,3
Angelica Village,818,0,0,0,0,0,0,0,0,0,0
Arcade Village,"1,933",2,0,0,0,2,6,1,5,0,0
Ardsley Village,"4,538",1,0,1,0,0,21,3,17,1,0
Asharoken Village,644,0,0,0,0,0,0,0,0,0,0
Attica Village,"2,411",0,0,0,0,0,5,0,5,0,0
Baldwinsville Village,"7,931",0,0,0,0,0,46,4,41,1,3
Ballston Spa Village,"5,257",2,0,1,0,1,31,3,27,1,0
Barker,505,0,0,0,0,0,0,0,0,0,0
Bath Village,"5,446",12,0,2,3,7,73,14,59,0,0
Beacon,"14,510",24,1,4,6,13,150,15,128,7,0
Bedford Town,"17,791",1,0,0,0,1,57,4,52,1,0
Belmont Village,904,0,0,0,0,0,3,0,3,0,0
Bethlehem Town,"35,275",29,0,11,2,16,438,41,391,6,0
Binghamton,"44,475",355,2,42,66,245,"1,907",417,"1,429",61,16
Black River,"1,253",0,0,0,0,0,8,0,8,0,0
Blasdell Village,"2,665",5,0,0,2,3,39,7,30,2,0
Blooming Grove Town,"11,816",6,0,1,0,5,54,8,45,1,0
Bolton Town,"2,251",0,0,0,0,0,10,1,8,1,0
Boonville Village,"1,995",1,0,1,0,0,11,2,8,1,
Brant Town,"2,055",0,0,0,0,0,5,0,4,1,0
Brewster,"2,345",0,0,0,0,0,5,0,5,0,0
Briarcliff Manor Village,"8,267",0,0,0,0,0,30,1,29,0,0
Brighton Town,"36,036",25,0,5,4,16,611,85,507,19,0
Brockport Village,"8,241",10,0,3,1,6,59,5,52,2,0
Bronxville Village,"6,459",0,0,0,0,0,34,5,28,1,0
Brownville Village,"1,093",0,0,0,0,0,1,0,1,0,0
Buchanan Village,"2,243",2,0,1,1,0,6,0,6,0,0
Buffalo,"255,686","2,533",47,121,802,"1,563","8,298","1,610","6,009",679,143
Cairo Town,"6,413",1,0,0,0,1,30,5,24,1,0
Cambridge Village,"1,794",0,0,0,0,0,19,2,17,0,0
Camden Village,"2,164",0,0,0,0,0,24,1,22,1,0
Camillus Town and Village,"24,160",17,0,7,2,8,277,22,245,10,2
Canajoharie Village,"2,136",1,0,1,0,0,15,2,12,1,0
Canandaigua,"10,217",45,0,22,3,20,178,22,148,8,0
Canastota Village,"4,513",7,0,3,1,3,33,7,24,2,1
Canisteo Village,"2,131",4,0,2,0,2,3,0,3,0,0
Canton Village,"6,407",3,0,1,0,2,18,2,16,0,0
Cape Vincent Village,702,0,0,0,0,0,0,0,0,0,0
Carmel Town,"34,251",8,0,0,0,8,76,5,69,2,0
Carroll Town,"3,329",0,0,0,0,0,19,5,14,0,0
Carthage Village,"3,336",1,0,1,0,0,45,3,41,1,0
Catskill Village,"3,797",6,0,0,1,5,71,18,52,1,0
Cattaraugus Village,907,0,0,0,0,0,0,0,0,0,0
Cayuga Heights Village,"3,666",0,0,0,0,0,7,1,6,0,0
Cazenovia Village,"2,842",2,0,1,0,1,18,3,15,0,0
Central Square Village,"1,749",0,0,0,0,0,63,1,62,0,1
Centre Island Village,410,0,0,0,0,0,1,1,0,0,0
Chatham Village,"1,619",0,0,0,0,0,3,0,3,0,0
Cheektowaga Town,"76,821",187,2,15,57,113,"2,153",208,"1,856",89,4
Chester Town,"8,043",8,0,1,3,4,7,0,7,0,0
Chester Village,"4,120",0,0,0,0,0,16,0,16,0,0
Chittenango Village,"4,835",1,0,0,0,1,19,1,16,2,0
Cicero Town,"28,732",5,0,1,1,3,174,18,150,6,0
Clarkstown Town,"80,599",56,0,12,11,33,985,33,918,34,2
Clayton Village,"1,828",0,0,0,0,0,12,1,11,0,0
Clyde Village,"1,937",3,0,0,1,2,23,8,15,0,0
Cobleskill Village,"4,329",15,0,2,1,12,51,2,48,1,1
Coeymans Town,"7,297",17,0,2,1,14,71,4,65,2,0
Cohocton Town,"2,452",0,0,0,0,0,0,0,0,0,0
Cohoes,"16,717",37,2,5,3,27,153,14,127,12,1
Colchester Town,"1,965",5,0,1,1,3,14,3,9,2,0
Cold Spring Village,"1,955",1,0,0,0,1,2,1,1,0,0
Colonie Town,"79,509",62,0,10,19,33,"1,870",120,"1,716",34,5
Cornwall-on-Hudson Village,"2,914",1,0,0,0,1,15,1,14,0,0
Cornwall Town,"9,502",2,0,1,0,1,7,2,5,0,0
Cortland,"18,655",55,0,27,6,22,325,77,246,2,1
Coxsackie Village,"2,653",0,0,0,0,0,1,0,1,0,0
Crawford Town,"9,171",1,0,0,1,0,64,13,49,2,1
Croton-on-Hudson Village,"8,131",3,0,0,0,3,36,2,32,2,0
Cuba Town,"3,083",1,0,0,0,1,27,3,24,0,0
Dansville Village,"4,389",1,0,0,0,1,52,7,44,1,0
Deerpark Town,"7,714",11,0,2,0,9,49,8,35,6,0
Delhi Village,"3,094",8,0,1,0,7,22,6,16,0,0
Depew Village,"15,008",15,0,5,2,8,193,27,156,10,1
Deposit Village,"1,524",1,0,0,1,0,10,1,8,1,0
DeWitt Town,"25,000",36,0,3,12,21,608,62,514,32,1
Dexter Village,"1,011",0,0,0,0,0,1,0,1,0,0
Dobbs Ferry Village,"10,990",4,0,0,2,2,44,2,38,4,0
Dryden Village,"2,121",4,0,2,1,1,24,3,21,0,0
Dunkirk,"11,712",21,1,0,5,15,210,37,168,5,0
Durham Town,"2,659",0,0,0,0,0,3,0,3,0,0
East Aurora-Aurora Town,"13,785",2,0,0,1,1,67,10,52,5,0
Eastchester Town,"20,073",3,0,0,2,1,67,8,52,7,0
East Greenbush Town,"16,324",10,0,1,2,7,400,37,358,5,0
East Rochester Village,"6,522",6,0,0,1,5,69,18,47,4,0
Eden Town,"7,621",2,0,1,0,1,36,8,25,3,0
Ellenville Village,"3,980",9,0,0,1,8,50,4,44,2,0
Ellicott Town,"5,014",13,0,2,2,9,241,30,210,1,0
Ellicottville,"1,575",0,0,0,0,0,9,2,7,0,0
Elmira,"26,958",83,1,0,40,42,831,172,643,16,0
Elmira Heights Village,"3,819",4,0,0,1,3,73,13,58,2,0
Elmira Town,"5,589",0,0,0,0,0,2,1,1,0,0
Elmsford Village,"5,295",3,0,0,1,2,11,3,8,0,0
Evans Town,"16,118",20,0,6,4,10,171,8,154,9,1
Fairport Village,"5,334",2,0,0,1,1,24,1,22,1,0
Fishkill Town,"21,307",8,0,0,2,6,190,5,184,1,
Fishkill Village,"2,071",1,0,0,0,1,20,1,19,0,0
Floral Park Village,"15,927",8,0,0,4,4,26,2,22,2,0
Florida Village,"2,851",0,0,0,0,0,5,3,2,0,0
Fort Edward Village,"3,253",2,0,2,0,0,4,2,2,0,0
Fort Plain Village,"2,224",9,0,4,0,5,53,7,46,0,0
Frankfort Town,"4,817",3,0,1,0,2,20,3,16,1,1
Frankfort Village,"2,432",6,0,1,0,5,12,1,9,2,0
Franklinville Village,"1,632",0,0,0,0,0,2,0,2,0,0
Freeport Village,"43,064",72,0,1,23,48,428,45,361,22,0
Friendship Town,"1,869",0,0,0,0,0,8,3,5,0,0
Galway Village,194,0,0,0,0,0,0,0,0,0,0
Garden City Village,"22,514",9,0,0,3,6,267,25,234,8,1
Gates Town,"28,366",55,0,11,11,33,776,66,669,41,2
Geddes Town,"10,038",4,0,0,2,2,162,22,135,5,0
Geneseo Village,"8,158",3,0,3,0,0,83,7,76,0,1
Geneva,"12,708",20,0,8,4,8,234,47,185,2,1
Glen Cove,"27,228",5,0,0,4,1,84,5,77,2,0
Glen Park Village,481,0,0,0,0,0,0,0,0,0,0
Glens Falls,"14,306",28,0,8,1,19,100,18,80,2,1
Glenville Town,"21,634",12,0,5,0,7,309,23,281,5,0
Gloversville,"14,738",66,0,24,2,40,401,36,349,16,1
Goshen Town,"8,798",2,0,0,0,2,27,3,23,1,0
Goshen Village,"5,337",2,0,0,0,2,29,5,23,1,0
Gowanda Village,"2,575",4,0,0,0,4,26,2,24,0,0
Granville Village,"2,422",3,0,0,1,2,12,3,9,0,0
Great Neck Estates Village,"2,884",0,0,0,0,0,12,8,1,3,0
Greece Town,"95,777",167,0,27,43,97,"1,847",194,"1,576",77,2
Greenburgh Town,"45,040",43,0,8,8,27,438,22,403,13,0
Greene Village,"1,415",0,0,0,0,0,22,5,16,1,0
Greenport Town,"4,286",0,0,0,0,0,56,0,55,1,0
Greenwich Village,"1,708",0,0,0,0,0,16,3,13,0,0
Greenwood Lake Village,"3,074",2,0,0,0,2,7,2,5,0,0
Groton Village,"2,278",0,0,0,0,0,36,2,34,0,0
Guilderland Town,"34,133",23,0,5,9,9,841,51,785,5,0
Hamburg Town,"46,445",43,2,0,8,33,742,66,659,17,3
Hamburg Village,"9,725",2,0,0,0,2,76,10,63,3,0
Hamilton Village,"4,081",0,0,0,0,0,3,0,3,0,0
Hancock Village,934,2,0,1,0,1,5,1,4,0,0
Harriman Village,"2,439",3,0,0,0,3,28,2,26,0,0
Harrison Town,"27,946",0,0,0,0,0,147,20,120,7,0
Hastings-on-Hudson Village,"7,916",2,0,0,0,2,58,4,53,1,1
Hempstead Village,"55,404",297,7,11,101,178,579,120,348,111,2
Herkimer Village,"7,291",41,0,11,2,28,201,19,179,3,0
Highlands Town,"8,444",0,0,0,0,0,7,2,5,0,0
Holley Village,"1,676",1,0,1,0,0,9,4,5,0,2
Homer Village,"3,100",1,0,0,0,1,2,0,2,0,0
Hoosick Falls Village,"3,359",5,0,0,0,5,21,3,17,1,0
Horseheads Village,"6,390",4,0,1,1,2,101,8,91,2,0
Hudson Falls Village,"7,023",14,0,4,0,10,45,8,35,2,1
Huntington Bay Village,"1,434",0,0,0,0,0,7,0,7,0,0
Hyde Park Town,"20,808",4,0,0,1,3,84,10,73,1,0
Ilion Village,"7,685",38,0,14,2,22,163,21,136,6,0
Independence Town,"1,137",2,0,0,0,2,4,1,3,0,0
Inlet Town,302,0,0,0,0,0,1,1,0,0,0
Irvington Village,"6,506",0,0,0,0,0,33,3,28,2,0
Ithaca,"31,122",41,1,5,9,26,840,56,768,16,2
Jamestown,"29,102",199,0,31,19,149,863,203,621,39,13
Johnson City Village,"14,196",61,1,19,10,31,765,76,681,8,1
Johnstown,"8,198",13,0,8,0,5,138,13,123,2,1
Jordan Village,"1,298",0,0,0,0,0,0,0,0,0,0
Kenmore Village,"15,025",11,0,0,4,7,175,23,147,5,0
Kensington Village,"1,189",0,0,0,0,0,5,0,3,2,0
Kent Town,"13,235",5,0,4,1,0,27,2,23,2,1
Kings Point Village,"5,312",2,0,0,1,1,24,4,2,18,0
Kingston,"22,844",68,2,13,10,43,498,59,419,20,2
Kirkland Town,"8,329",0,0,0,0,0,4,0,3,1,0
Lackawanna,"17,724",81,0,12,9,60,378,53,291,34,1
Lake Placid Village,"2,369",3,0,2,1,0,19,3,16,0,0
Lake Success Village,"3,153",0,0,0,0,0,16,2,12,2,0
Lakewood-Busti,"7,193",5,0,2,2,1,332,42,284,6,1
Lancaster Town,"37,571",21,0,5,8,8,398,37,351,10,0
Larchmont Village,"6,096",2,0,1,1,0,84,2,78,4,0
Lewisboro Town,"12,582",0,0,0,0,0,0,0,0,0,0
Lewiston Town and Village,"15,763",4,0,2,0,2,87,4,72,11,3
Liberty Village,"4,083",29,0,7,4,18,119,15,103,1,0
Little Falls,"4,642",15,0,2,1,12,39,4,34,1,2
Liverpool Village,"2,202",0,0,0,0,0,9,0,8,1,0
Lloyd Harbor Village,"3,667",3,0,0,0,3,7,0,6,1,0
Lloyd Town,"10,463",7,0,2,1,4,99,9,88,2,0
Long Beach,"33,552",19,0,0,2,17,66,5,53,8,1
Lowville Village,"3,315",3,0,0,0,3,14,2,12,0,0
Lynbrook Village,"19,492",13,0,2,2,9,95,8,81,6,0
Macedon Town and Village,"8,877",5,0,2,0,3,72,6,63,3,0
Malone Village,"5,581",12,0,6,1,5,112,12,96,4,0
Malverne Village,"8,514",2,0,0,0,2,10,3,7,0,0
Mamaroneck Town,"12,088",2,0,0,0,2,79,10,67,2,0
Mamaroneck Village,"19,183",16,0,1,2,13,157,21,122,14,0
Manchester Village,"1,618",0,0,0,0,0,0,0,0,0,0
Manlius Town,"24,168",19,0,5,4,10,254,24,216,14,2
Marcellus Village,"1,717",0,0,0,0,0,4,0,4,0,0
Marlborough Town,"8,601",3,0,0,0,3,45,4,37,4,0
Massena Village,"10,177",11,0,0,3,8,246,29,209,8,0
Maybrook Village,"3,791",1,0,0,0,1,7,2,4,1,0
Mechanicville,"5,072",7,0,0,0,7,32,6,23,3,0
Medina Village,"5,631",12,0,2,3,7,90,20,66,4,4
Menands Village,"3,885",4,0,0,1,3,92,14,74,4,0
Middleport Village,"1,745",1,0,0,0,1,10,2,8,0,0
Middletown,"27,801",87,3,16,16,52,308,45,249,14,2
Millerton Village,"2,958",0,0,0,0,0,10,6,3,1,0
Mohawk Village,"2,533",3,0,1,0,2,24,4,20,0,1
Monroe Village,"8,593",7,0,0,1,6,119,4,114,1,1
Montgomery Village,"4,621",0,0,0,0,0,13,1,12,0,0
Monticello Village,"6,392",25,0,2,4,19,113,27,82,4,0
Moravia Village,"1,200",0,0,0,0,0,11,1,10,0,
Moriah Town,"4,557",1,0,0,0,1,1,0,1,0,0
Mount Hope Town,"6,624",1,0,0,0,1,6,0,6,0,0
Mount Vernon,"67,619",381,2,20,98,261,842,91,642,109,6
Nassau Village,"1,101",0,0,0,0,0,7,1,6,0,0
Newark Village,"8,799",28,0,2,10,16,228,20,202,6,0
New Berlin Town,"1,510",0,0,0,0,0,15,2,12,1,0
Newburgh,"28,070",317,3,19,82,213,640,137,484,19,3
Newburgh Town,"31,128",22,0,2,6,14,911,34,864,13,4
New Castle Town,"17,896",1,0,0,0,1,53,5,48,0,0
New Hartford Town and Village,"20,294",17,0,2,6,9,617,21,587,9,3
New Rochelle,"78,936",98,0,9,34,55,762,35,696,31,
New Windsor Town,"27,971",28,2,3,1,22,271,34,235,2,2
New York,"8,379,043","47,821",319,"2,770","13,396","31,336","122,299","9,846","106,931","5,522",
New York Mills Village,"3,217",0,0,0,0,0,39,5,32,2,0
Niagara Falls,"47,900",431,2,32,101,296,"1,848",266,"1,471",111,25
Niagara Town,"7,958",4,0,0,2,2,212,9,194,9,1
Niskayuna Town,"22,407",11,0,1,4,6,308,23,275,10,0
Nissequogue Village,"1,731",0,0,0,0,0,5,1,3,1,0
Norfolk Town,"4,375",1,0,0,0,1,4,2,2,0,0
North Castle Town,"12,248",4,0,0,0,4,75,5,66,4,0
Northport Village,"7,288",0,0,0,0,0,7,0,7,0,0
North Syracuse Village,"6,637",14,0,0,5,9,70,5,61,4,0
North Tonawanda,"30,228",44,0,11,13,20,351,47,288,16,1
Norwich,"6,581",28,0,15,0,13,186,31,153,2,0
Norwood Village,"1,553",2,0,0,0,2,6,2,4,0,1
Ocean Beach Village,83,0,0,0,0,0,9,0,9,0,0
Ogdensburg,"10,484",36,0,3,2,31,296,56,237,3,2
Ogden Town,"20,144",10,1,0,2,7,141,2,129,10,0
Old Brookville Village,"2,202",1,0,0,0,1,45,9,27,9,0
Old Westbury Village,"4,752",1,0,0,0,1,47,13,20,14,1
Olean,"13,499",45,0,9,4,32,310,36,266,8,2
Oneida,"10,864",41,0,15,4,22,372,44,326,2,0
Oneonta City,"13,915",34,0,10,3,21,145,29,108,8,1
Orangetown Town,"37,371",34,0,5,12,17,265,27,234,4,1
Orchard Park Town,"29,599",24,0,9,4,11,345,31,306,8,0
Oriskany Village,"1,329",0,0,0,0,0,10,0,10,0,0
Ossining Village,"24,991",20,1,1,4,14,157,13,141,3,0
Oswego City,"17,239",51,0,17,4,30,583,56,503,24,1
Owego Village,"3,887",17,0,8,2,7,114,19,94,1,0
Oxford Village,"1,379",0,0,0,0,0,2,0,2,0,
Oyster Bay Cove Village,"4,296",1,0,0,0,1,7,1,4,2,0
Painted Post Village,"1,953",1,0,0,0,1,8,3,4,1,0
Palmyra Village,"3,316",4,0,2,1,1,7,0,6,1,0
Peekskill,"24,243",30,0,1,7,22,209,7,196,6,0
Pelham Manor Village,"5,567",7,0,0,2,5,149,10,134,5,0
Pelham Village,"6,911",4,0,0,1,3,45,3,41,1,0
Penn Yan Village,"4,910",5,0,4,0,1,51,8,42,1,1
Perry Village,"3,442",4,0,3,0,1,36,7,27,2,0
Philmont Village,"1,260",0,0,0,0,0,3,0,3,0,0
Phoenix Village,"2,242",4,0,0,0,4,15,0,15,0,0
Piermont Village,"2,538",0,0,0,0,0,4,1,3,0,0
Pine Plains Town,"2,402",0,0,0,0,0,0,0,0,0,0
Plattekill Town,"10,160",2,0,0,0,2,22,7,15,0,0
Plattsburgh City,"19,367",36,0,13,1,22,243,22,219,2,3
Pleasantville Village,"7,261",6,3,0,3,0,38,3,35,0,0
Port Chester Village,"29,317",21,1,2,7,11,200,18,172,10,1
Port Jervis,"8,523",37,1,7,3,26,137,14,117,6,1
Port Washington,"19,396",6,0,0,2,4,91,6,82,3,1
Potsdam Village,"8,917",2,0,0,1,1,67,8,58,1,0
Poughkeepsie,"30,422",235,3,26,63,143,513,73,402,38,5
Poughkeepsie Town,"38,889",70,2,12,20,36,991,65,893,33,3
Pound Ridge Town,"5,159",1,0,1,0,0,34,2,32,0,0
Pulaski Village,"2,227",0,0,0,0,0,22,2,20,0,0
Quogue Village,"1,015",1,0,0,0,1,29,0,28,1,1
Ramapo Town,"94,633",68,1,16,5,46,436,36,380,20,4
Red Hook Village,"1,956",1,0,0,0,1,38,9,29,0,0
Rhinebeck Village,"2,556",1,0,0,0,1,21,3,18,0,0
Riverhead Town,"33,536",33,1,3,10,19,568,43,516,9,4
Rochester,"205,769","1,540",33,102,429,976,"7,142","1,269","5,222",651,83
Rockville Centre Village,"24,669",10,0,0,3,7,175,19,139,17,0
Rome,"32,019",54,1,8,11,34,524,84,416,24,2
Rosendale Town,"5,826",1,0,0,0,1,26,3,23,0,0
Rotterdam Town,"29,855",32,0,4,3,25,754,54,669,31,0
Rye,"15,756",1,0,0,1,0,15,1,11,3,0
Rye Brook Village,"9,530",0,0,0,0,0,69,6,58,5,0
Sackets Harbor Village,"1,413",0,0,0,0,0,0,0,0,0,0
Sag Harbor Village,"2,298",0,0,0,0,0,0,0,0,0,0
Salamanca,"5,439",24,0,0,4,20,54,8,43,3,1
Sands Point Village,"2,912",1,0,1,0,0,29,5,12,12,0
Saranac Lake Village,"5,221",4,0,2,0,2,35,8,26,1,0
Saratoga Springs,"28,186",64,0,19,5,40,448,51,390,7,3
Saugerties Town,"19,095",27,0,8,0,19,165,28,132,5,1
Scarsdale Village,"17,954",6,0,0,0,6,117,12,104,1,0
Schenectady,"65,504",528,3,56,133,336,"1,770",248,"1,392",130,20
Schodack Town,"11,722",9,0,2,2,5,74,11,59,4,0
Schoharie Village,818,0,0,0,0,0,0,0,0,0,0
Scotia Village,"7,641",15,0,4,5,6,111,11,94,6,0
Seneca Falls Town,"8,632",9,0,3,1,5,205,15,187,3,0
Shandaken Town,"2,947",0,0,0,0,0,9,1,8,0,0
Shawangunk Town,"13,853",2,0,1,0,1,41,8,30,3,0
Sherburne Village,"1,302",0,0,0,0,0,13,0,13,0,0
Sherrill,"2,991",0,0,0,0,0,6,3,3,0,0
Shortsville Village,"1,419",0,0,0,0,0,1,0,1,0,0
Sidney Village,"3,573",16,0,6,2,8,119,7,109,3,1
Skaneateles Village,"2,464",0,0,0,0,0,40,1,39,0,0
Sleepy Hollow Village,"10,080",0,0,0,0,0,0,0,0,0,0
Solvay Village,"6,227",13,0,2,1,10,65,17,40,8,0
Southampton Town,"51,090",46,0,9,6,31,474,42,411,21,0
Southampton Village,"3,326",1,0,0,0,1,48,6,38,4,0
South Glens Falls Village,"3,677",4,0,0,1,3,35,3,31,1,0
Southold Town,"19,915",15,0,4,0,11,209,30,172,7,2
Spring Valley Village,"32,367",115,1,15,38,61,425,40,380,5,2
Stillwater Town,"7,300",1,0,1,0,0,16,1,14,1,0
St. Johnsville Village,"1,679",1,0,0,0,1,22,1,20,1,0
Stony Point Town,"15,413",10,0,4,1,5,51,9,41,1,1
Syracuse,"142,438","1,129",19,105,246,759,"4,464",850,"3,051",563,39
Tarrytown Village,"11,416",6,0,2,2,2,58,14,38,6,0
Theresa Village,788,0,0,0,0,0,0,0,0,0,0
Ticonderoga Town,"4,790",10,0,0,1,9,30,3,23,4,1
Tonawanda,"14,754",38,0,11,4,23,188,20,158,10,0
Tonawanda Town,"56,717",83,4,5,34,40,725,132,552,41,4
Troy,"49,286",296,3,25,73,195,"1,365",225,"1,035",105,11
Trumansburg Village,"1,757",1,0,1,0,0,31,2,29,0,0
Tuckahoe Village,"6,584",0,0,0,0,0,28,3,21,4,0
Tuxedo Town,"2,901",0,0,0,0,0,1,1,0,0,0
Ulster Town,"12,625",16,1,4,2,9,208,15,190,3,0
Utica,"59,842",374,6,31,143,194,"1,986",261,"1,635",90,16
Vernon Village,"1,156",0,0,0,0,0,6,0,6,0,0
Walden Village,"6,670",2,0,0,0,2,36,2,32,2,0
Wallkill Town,"29,236",37,0,2,8,27,557,27,514,16,0
Warsaw Village,"3,251",5,0,2,0,3,43,4,36,3,0
Washingtonville Village,"5,740",1,0,0,0,1,20,2,17,1,0
Waterford Town and Village,"8,574",2,0,0,0,2,27,10,13,4,0
Waterloo Village,"4,885",0,0,0,0,0,51,11,38,2,0
Watertown,"25,102",154,0,57,14,83,887,108,743,36,6
Watervliet,"9,954",44,0,5,7,32,198,25,162,11,2
Watkins Glen Village,"1,905",1,0,0,0,1,24,3,21,0,0
Waverly Village,"4,119",3,0,1,0,2,10,2,8,0,0
Webb Town,"1,790",1,0,0,0,1,3,0,2,1,0
Weedsport Village,"1,711",0,0,0,0,0,14,2,12,0,0
Wellsville Village,"4,366",9,0,6,0,3,32,2,30,0,0
West Carthage Village,"1,957",0,0,0,0,0,10,1,9,0,0
Westfield Village,"2,981",0,0,0,0,0,11,0,11,0,0
Westhampton Beach Village,"1,811",0,0,0,0,0,26,4,21,1,1
West Seneca Town,"45,399",67,1,16,13,37,601,83,491,27,1
Whitestown Town,"9,096",0,0,0,0,0,28,5,14,9,0
Windham Town,"1,675",2,0,0,0,2,5,1,4,0,0
Woodbury Town,"11,006",3,0,0,1,2,460,5,450,5,0
Woodridge Village,776,4,0,0,1,3,17,8,9,0,0
Woodstock Town,"5,781",3,0,0,1,2,32,7,24,1,1
Yonkers,"200,075",708,6,42,224,436,"1,826",208,"1,466",152,15
Yorktown Town,"36,426",8,0,1,3,4,214,20,186,8,0
Youngstown Village,"1,879",0,0,0,0,0,3,0,3,0,0
Barre,"8,551",64,0,18,3,43,203,20,183,0,3
Barre Town,"7,679",6,0,1,0,5,67,3,62,2,1
Bellows Falls,"2,988",7,0,0,2,5,54,11,42,1,0
Bennington,"14,912",63,0,3,9,51,514,67,431,16,0
Berlin,"2,789",9,0,2,0,7,122,4,117,1,0
Bradford,"2,701",0,0,0,0,0,19,4,14,1,0
Brandon,"3,744",6,0,2,0,4,63,10,50,3,0
Brattleboro,"11,401",48,0,3,6,39,616,53,554,9,2
Brighton,"1,184",0,0,0,0,0,6,2,3,1,0
Bristol,"3,883",1,0,1,0,0,17,3,13,1,0
Burlington,"42,958",174,2,41,13,118,"1,110",109,976,25,2
Castleton,"4,507",3,0,0,0,3,32,8,23,1,0
Chester,"3,018",6,0,0,0,6,16,7,4,5,0
Colchester,"17,548",26,0,10,4,12,234,21,212,1,1
Dover,"1,057",3,0,0,0,3,73,2,70,1,0
Essex,"22,213",19,0,2,1,16,286,42,238,6,0
Fair Haven,"2,554",4,0,1,0,3,35,1,32,2,0
Hardwick,"2,852",5,0,2,0,3,28,3,25,0,0
Hartford,"9,654",38,0,12,4,22,168,30,132,6,0
Hinesburg,"4,601",5,1,3,0,1,23,11,9,3,0
Killington,757,0,0,0,0,0,1,0,1,0,0
Ludlow,"1,876",7,0,0,1,6,13,2,11,0,0
Lyndonville,"1,160",3,0,0,0,3,30,1,29,0,0
Manchester,"4,242",6,0,2,1,3,54,7,47,0,0
Middlebury,"8,776",16,0,5,0,11,118,15,101,2,0
Milton,"11,064",11,0,5,1,5,117,14,101,2,0
Montpelier,"7,386",11,0,6,0,5,171,7,164,0,0
Morristown,"5,465",14,0,7,0,7,121,10,111,0,1
Newport,"4,216",34,0,8,0,26,87,15,69,3,0
Northfield,"5,990",13,0,1,0,12,37,3,31,3,0
Norwich,"3,307",1,0,0,0,1,13,3,9,1,0
Pittsford,"2,786",0,0,0,0,0,10,1,9,0,0
Richmond,"4,178",1,0,0,0,1,13,0,13,0,0
Royalton,"2,864",0,0,0,0,0,10,0,9,1,0
Rutland,"15,191",67,0,13,5,49,415,64,330,21,6
Rutland Town,"4,096",7,0,4,0,3,53,12,38,3,0
Shelburne,"7,857",1,0,0,0,1,110,8,99,3,0
South Burlington,"19,687",22,0,6,4,12,687,32,647,8,2
Springfield,"8,900",25,0,8,0,17,159,25,133,1,1
St. Albans,"6,800",51,0,6,2,43,332,19,310,3,3
St. Johnsbury,"7,158",17,0,5,1,11,142,21,118,3,2
Stowe,"4,452",1,0,0,0,1,48,5,42,1,4
Swanton,"6,595",10,0,0,2,8,60,7,48,5,0
Thetford,"2,545",2,0,1,0,1,12,4,8,0,0
Vergennes,"2,596",5,0,1,0,4,27,3,24,0,0
Weathersfield,"2,753",2,0,0,0,2,7,3,3,1,0
Williston,"10,026",8,0,0,2,6,205,8,193,4,0
Wilmington,"1,801",6,0,1,0,5,15,3,7,5,0
Windsor,"3,324",3,0,0,0,3,26,5,18,3,2
Winhall,731,0,0,0,0,0,11,2,9,0,0
Winooski,"7,346",23,1,7,0,15,128,31,93,4,2
Woodstock,"2,925",2,0,1,0,1,23,7,15,1,0
Alexandria,"1,620",0,0,0,0,0,15,3,11,1,0
Allenstown,"4,435",10,0,4,0,6,26,3,22,1,1
Alstead,"1,931",3,0,2,0,1,1,0,1,0,0
Alton,"5,339",10,2,5,0,3,34,8,24,2,0
Amherst,"11,344",3,0,2,1,0,108,12,95,1,1
Antrim,"2,702",3,1,1,0,1,21,4,16,1,0
Ashland,"2,053",1,0,0,0,1,40,5,35,0,0
Atkinson,"7,037",0,0,0,0,0,29,13,15,1,0
Auburn,"5,608",2,0,0,0,2,37,7,27,3,0
Barnstead,"4,668",3,0,3,0,0,20,5,13,2,0
Barrington,"9,263",6,0,5,0,1,36,11,20,5,0
Bartlett,"2,809",2,0,1,1,0,23,6,16,1,0
Bath,"1,093",0,0,0,0,0,1,0,0,1,0
Bedford,"22,887",12,0,5,3,4,174,11,161,2,1
Belmont,"7,293",19,0,3,0,16,128,17,104,7,0
Bennington,"1,512",1,0,1,0,0,5,0,4,1,1
Berlin,"10,230",22,0,8,4,10,110,13,94,3,4
Bethlehem,"2,569",5,0,4,0,1,20,5,13,2,0
Boscawen,"4,095",8,0,0,0,8,32,3,25,4,1
Bow,"8,004",5,0,0,1,4,30,3,20,7,1
Bradford,"1,710",0,0,0,0,0,19,0,16,3,1
Bristol,"3,057",6,1,3,1,1,49,7,39,3,0
Brookline,"5,461",0,0,0,0,0,21,2,17,2,0
Campton,"3,305",5,0,4,0,1,36,2,32,2,0
Candia,"3,945",1,0,0,0,1,32,2,30,0,0
Canterbury,"2,468",2,0,0,0,2,26,3,21,2,2
Carroll,740,0,0,0,0,0,16,1,12,3,0
Center Harbor,"1,099",0,0,0,0,0,8,1,6,1,0
Charlestown,"4,998",8,0,0,0,8,18,5,13,0,1
Chester,"5,295",9,0,3,0,6,28,4,23,1,2
Chichester,"2,709",2,0,1,0,1,27,4,23,0,0
Colebrook,"2,114",1,0,0,0,1,28,14,13,1,0
Concord,"43,509",65,4,10,25,26,805,49,710,46,2
Conway,"10,287",22,0,15,1,6,222,21,194,7,0
Cornish,"1,623",0,0,0,0,0,7,2,5,0,1
Dalton,868,0,0,0,0,0,0,0,0,0,0
Danville,"4,584",0,0,0,0,0,11,3,5,3,0
Deerfield,"4,562",1,0,1,0,0,17,6,11,0,0
Deering,"1,967",2,0,0,0,2,20,2,15,3,0
Derry,"33,672",33,1,18,3,11,279,22,247,10,5
Dover,"31,950",25,0,8,6,11,347,38,295,14,1
Dublin,"1,538",1,0,0,0,1,7,0,7,0,0
Dunbarton,"2,870",3,0,2,0,1,21,1,19,1,0
Durham,"16,810",6,0,2,2,2,42,10,31,1,1
East Kingston,"2,430",1,0,0,0,1,8,0,7,1,0
Effingham,"1,480",1,0,1,0,0,1,0,1,0,0
Enfield,"4,563",5,0,2,0,3,27,3,24,0,0
Epping,"7,117",3,0,2,0,1,74,2,68,4,0
Epsom,"4,777",3,0,2,0,1,26,3,23,0,0
Exeter,"15,425",28,0,9,0,19,99,11,85,3,0
Farmington,"6,932",8,0,5,0,3,103,26,65,12,2
Fitzwilliam,"2,373",0,0,0,0,0,12,3,7,2,0
Franconia,"1,111",1,0,0,0,1,14,0,13,1,1
Freedom,"1,562",0,0,0,0,0,3,0,3,0,0
Fremont,"4,803",0,0,0,0,0,37,3,32,2,1
Gilford,"7,197",5,0,2,0,3,111,16,90,5,0
Gilmanton,"3,754",7,0,4,0,3,23,5,18,0,0
Goffstown,"18,163",18,1,9,4,4,114,13,98,3,0
Gorham,"2,579",3,0,1,0,2,20,2,18,0,0
Grantham,"2,946",0,0,0,0,0,14,4,10,0,0
Greenland,"4,195",0,0,0,0,0,16,2,12,2,0
Hampstead,"8,662",7,0,3,0,4,48,1,45,2,0
Hampton,"15,616",31,1,3,4,23,138,13,114,11,2
Hampton Falls,"2,385",2,0,2,0,0,18,2,16,0,0
Hancock,"1,658",1,0,0,0,1,2,0,2,0,0
Hanover,"11,531",7,0,4,0,3,95,12,81,2,2
Haverhill,"4,568",16,0,5,1,10,71,9,57,5,1
Henniker,"5,009",12,0,5,0,7,45,5,35,5,0
Hillsborough,"5,990",12,1,5,0,6,56,13,39,4,1
Hinsdale,"3,888",5,2,1,0,2,94,11,80,3,0
Holderness,"2,109",0,0,0,0,0,14,2,11,1,0
Hollis,"7,976",5,1,3,0,1,29,7,19,3,1
Hooksett,"14,554",12,2,3,4,3,162,13,139,10,1
Hopkinton,"5,759",1,0,1,0,0,20,2,16,2,0
Hudson,"25,695",19,0,3,2,14,210,27,174,9,1
Jackson,856,0,0,0,0,0,6,1,5,0,0
Keene,"22,999",42,0,17,12,13,488,31,434,23,0
Kensington,"2,118",1,0,1,0,0,3,0,2,1,0
Kingston,"6,362",5,0,2,0,3,11,2,7,2,0
Laconia,"16,534",37,1,17,4,15,535,32,461,42,1
Lancaster,"3,219",5,0,0,0,5,29,7,22,0,2
Lebanon,"13,661",16,0,8,2,6,299,21,265,13,1
Lee,"4,494",1,0,1,0,0,17,1,14,2,1
Lincoln,"1,775",1,0,0,0,1,27,6,21,0,1
Lisbon,"1,583",0,0,0,0,0,11,3,6,2,0
Litchfield,"8,660",3,0,1,0,2,31,3,23,5,1
Littleton,"5,889",16,1,7,4,4,106,16,85,5,2
Londonderry,"26,567",20,1,6,2,11,173,16,139,18,0
Loudon,"5,660",4,1,1,1,1,43,4,31,8,0
Lyndeborough,"1,740",0,0,0,0,0,6,1,4,1,0
Madbury,"1,868",0,0,0,0,0,2,0,2,0,0
Madison,"2,613",3,1,0,0,2,28,3,25,0,0
Manchester,"112,895",678,6,62,133,477,"2,678",299,"2,225",154,14
Marlborough,"2,068",1,0,0,0,1,7,1,6,0,0
Mason,"1,441",1,0,0,0,1,5,1,4,0,0
Meredith,"6,424",16,0,8,0,8,107,23,76,8,0
Merrimack,"26,028",4,0,0,2,2,207,21,177,9,0
Middleton,"1,827",0,0,0,0,0,17,3,12,2,0
Milford,"16,121",11,0,6,1,4,78,5,71,2,0
Milton,"4,652",7,0,2,0,5,42,7,27,8,1
Mont Vernon,"2,603",2,0,1,0,1,5,0,5,0,0
Moultonborough,"4,174",0,0,0,0,0,26,4,22,0,0
Nashua,"89,586",129,1,69,20,39,"1,151",81,"1,016",54,10
New Boston,"5,856",2,0,1,0,1,15,1,13,1,0
Newbury,"2,245",0,0,0,0,0,15,3,11,1,0
New Castle,982,0,0,0,0,0,1,0,1,0,0
New Durham,"2,704",3,0,0,0,3,24,3,19,2,2
Newfields,"1,735",1,0,0,0,1,14,0,14,0,0
New Hampton,"2,216",4,0,2,0,2,12,2,7,3,0
Newington,810,5,0,0,1,4,113,2,110,1,0
New Ipswich,"5,408",3,0,2,0,1,20,4,14,2,0
Newmarket,"9,161",8,0,2,0,6,43,5,37,1,1
Newport,"6,348",6,1,0,2,3,94,8,72,14,1
Northfield,"4,940",7,0,2,1,4,67,15,46,6,0
North Hampton,"4,512",3,0,2,0,1,35,6,26,3,2
Northumberland,"2,111",4,0,1,0,3,24,2,21,1,0
Northwood,"4,302",2,0,0,0,2,31,3,26,2,0
Nottingham,"5,149",3,0,0,0,3,7,0,7,0,0
Orford,"1,302",1,0,0,0,1,3,0,3,0,0
Ossipee,"4,401",5,0,3,1,1,35,4,27,4,2
Pelham,"14,198",10,0,4,1,5,94,8,83,3,2
Pembroke,"7,240",12,0,9,0,3,59,10,45,4,0
Peterborough,"6,669",11,0,4,1,6,48,4,42,2,0
Pittsburg,807,0,0,0,0,0,5,0,4,1,0
Pittsfield,"4,142",15,0,5,1,9,21,3,16,2,0
Plainfield,"2,381",1,0,0,0,1,12,0,12,0,0
Plaistow,"7,734",4,0,0,0,4,97,5,87,5,1
Plymouth,"6,755",10,0,5,0,5,76,7,65,4,1
Portsmouth,"21,951",28,0,10,2,16,359,28,309,22,1
Raymond,"10,475",14,0,8,0,6,114,5,101,8,0
Rindge,"6,308",12,0,5,0,7,60,8,48,4,14
Rochester,"31,527",94,0,21,11,62,976,111,828,37,3
Rollinsford,"2,591",3,0,1,1,1,17,5,11,1,1
Rye,"5,464",0,0,0,0,0,42,2,35,5,0
Salem,"29,612",25,0,5,13,7,448,25,403,20,2
Sanbornton,"2,975",4,0,0,0,4,24,2,20,2,1
Sandown,"6,501",2,1,0,0,1,20,7,11,2,0
Sandwich,"1,358",0,0,0,0,0,13,2,11,0,0
Seabrook,"8,880",4,0,1,1,2,137,16,116,5,0
Somersworth,"11,979",15,0,8,5,2,353,25,317,11,2
South Hampton,829,0,0,0,0,0,5,2,3,0,0
Springfield,"1,342",0,0,0,0,0,0,0,0,0,0
Strafford,"4,205",0,0,0,0,0,7,2,4,1,0
Stratham,"7,479",2,0,0,0,2,44,1,41,2,0
Sugar Hill,579,0,0,0,0,0,1,0,0,1,0
Sunapee,"3,489",0,0,0,0,0,19,1,16,2,1
Tamworth,"3,077",2,0,0,1,1,14,0,12,2,0
Thornton,"2,513",1,0,0,1,0,9,3,6,0,0
Tilton,"3,557",12,0,3,2,7,200,8,184,8,1
Troy,"2,091",2,0,0,0,2,13,1,12,0,0
Tuftonboro,"2,414",1,0,0,0,1,12,5,6,1,0
Wakefield,"5,789",13,0,7,0,6,34,7,24,3,1
Warner,"2,953",1,0,0,0,1,34,4,28,2,0
Washington,"1,104",0,0,0,0,0,2,1,1,0,0
Waterville Valley,243,1,0,1,0,0,12,0,12,0,0
Weare,"9,111",4,0,2,0,2,26,11,12,3,0
Webster,"1,962",3,0,1,0,2,24,5,14,5,0
Whitefield,"2,201",4,0,0,1,3,7,1,6,0,0
Wilton,"3,768",6,0,5,0,1,20,7,13,0,0
Winchester,"4,192",8,0,4,1,3,34,6,23,5,2
Windham,"14,876",5,0,2,0,3,59,8,51,0,0
Wolfeboro,"6,403",4,0,1,0,3,34,4,26,4,0
Woodstock,"1,369",0,0,0,0,0,9,4,4,1,1